roadWidth,floor,bedroom,parking,squareFeet,price,address
roadWidth,floor,bedroom,parking,squareFeet,price,address
roadWidth,floor,bedroom,parking,squareFeet,price,address
roadWidth,floor,bedroom,parking,squareFeet,price,address
roadWidth,floor,bedroom,parking,squareFeet,price,address
roadWidth,floor,bedroom,parking,squareFeet,price,address
roadWidth,floor,bedroom,parking,squareFeet,price,address
roadWidth,floor,bedroom,parking,squareFeet,price,address
roadWidth,floor,bedroom,parking,squareFeet,price,address
roadWidth,floor,bedroom,parking,squareFeet,price,address
roadWidth,floor,bedroom,parking,squareFeet,price,address
roadWidth,floor,bedroom,parking,squareFeet,price,address
